INSERT INTO address values
('08950af2-d541-46f2-bce8-b1aaf3844193', 'Avenida tel tal tal' , '374721-878', 'Uberlândia', 'bla bla ', 'Minas Gerais'),
('2522de4f-ac45-41e3-b9f2-6627130c8837', 'Rua tal tal tal'     , '384821-988', 'Uberlândia', 'pi po pu', 'Minas Gerais'),
('342e4102-315a-4160-aab3-c181cf120963', 'Rua tal tal tal'     , '334321-438', 'Uberlândia', 'xpto'    , 'Minas Gerais'),
('42fc6d7a-ab25-4041-8daa-e7d4dddc47f0', 'Rua tal tal tal'     , '314121-218', 'Uberlândia', 'bla bla ', 'Minas Gerais'),
('453ae962-74d6-4fa2-b4d8-2ab238d6bc09', 'Rua vraw braw waw'   , '374721-878', 'Uberlândia', 'pi po pu', 'Minas Gerais'),
('464fb214-d493-44da-83cc-d5650bf5fa2c', 'Praça pi po po'      , '384821-988', 'Uberlândia', 'bla bla ', 'Minas Gerais'),
('56c95c26-e951-41e5-ba11-13cdf8591df5', 'Rua po po po'        , '334321-438', 'Uberlândia', 'bla bla ', 'Minas Gerais'),
('5d30dbd0-9708-44fe-bc9f-1a0e8330c49c', 'Rua po pi po'        , '344421-548', 'Uberlândia', 'pi po pu', 'Minas Gerais'),
('6dca68e1-fa06-4342-a859-3966b3b0bbc1', 'Rua tal tal tel'     , '354521-658', 'Uberlândia', 'xpto'    , 'Minas Gerais'),
('713847b2-a044-4512-a0c6-e8c3ed7d5116', 'Rua tal tal tal'     , '374721-878', 'Uberlândia', 'pi po pu', 'Minas Gerais'),
('a15ee84c-d464-427a-89e2-1cf8d318bda8', 'Rua po po po'        , '324221-328', 'Uberlândia', 'bla bla ', 'Minas Gerais'),
('a1f351c8-5fd4-46bb-8b5d-1056f8bc7d7c', 'Rua tal tal tel'     , '344421-548', 'Uberlândia', 'xpto'    , 'Minas Gerais'),
('a7c42d4c-eeec-45a2-a1e3-8bde4b77c9e2', 'Rua tal tal tal'     , '304021-108', 'Uberlândia', 'bla bla ', 'Minas Gerais'),
('c59b7179-a8ff-477d-89ea-d81113be4de2', 'Avenida xeu zeu peu' , '364621-768', 'Uberlândia', 'pi po pu', 'Minas Gerais'),
('ddef9c60-e62a-43b7-858a-09fe4432e9c1', 'Avenida tel tal tal' , '364621-768', 'Uberlândia', 'xpto'    , 'Minas Gerais'),
('f400938f-9295-4649-895b-487ca90f65ee', 'Rua po po po'        , '364621-768', 'Uberlândia', 'pi po pu', 'Minas Gerais'),
('f67ddb02-538a-496a-b3cf-fb839efab35b', 'Avenida tel tal tal' , '304021-108', 'Uberlândia', 'xpto'    , 'Minas Gerais'),
('fb23d2f4-7c52-43f7-850d-bd3183baf8e5', 'Rua po pi po'        , '354521-658', 'Uberlândia', 'pi po pu', 'Minas Gerais'),
('fc1542bc-bf29-413e-aac2-4dfb9e8f3e2f', 'Rua tal tal tal'     , '314121-218', 'Uberlândia', 'xpto'    , 'Minas Gerais'),
('fd3ef61c-3a76-464c-8ca1-672ea388a05b', 'Rua po po po'        , '324221-328', 'Uberlândia', 'xpto'    , 'Minas Gerais');

INSERT INTO customer values
('1dcdbd2f-c56c-4b32-abb5-ca8f82c4d34b', 'Viviane'         , '08950af2-d541-46f2-bce8-b1aaf3844193', '5534988737491', 'F', '1987-11-09', '65923488953'),
('25e269e8-88b7-4e0e-9869-c65956e1ef4d', 'Gustavo'         , 'a15ee84c-d464-427a-89e2-1cf8d318bda8', '5534982862492', 'M', '1977-09-03', '64526937733'),
('38a72086-b3a1-49ed-9e2f-e34678157c6b', 'Matheus'         , '42fc6d7a-ab25-4041-8daa-e7d4dddc47f0', '5534981872491', 'M', '1952-12-02', '82281148075'),
('3ad4d2e0-7f01-4151-8c0b-91a25c0e68ea', 'Paula'           , '6dca68e1-fa06-4342-a859-3966b3b0bbc1', '5534988434491', 'F', '1986-05-24', '77119852836'),
('534a06bf-1828-4884-9380-3465f057f1e9', 'Sirlene'         , '56c95c26-e951-41e5-ba11-13cdf8591df5', '5534983872493', 'F', '2001-03-07', '97438685646'),
('5969bb6b-02aa-4f5b-83b4-77593635dda6', 'Andressa'        , 'f67ddb02-538a-496a-b3cf-fb839efab35b', '5534988616491', 'F', '1966-11-12', '25309614386'),
('5b8eaeae-a7d9-479d-9cad-2f5d12e7dc43', 'Talita'          , 'a1f351c8-5fd4-46bb-8b5d-1056f8bc7d7c', '5534988333491', 'F', '2001-06-08', '17308673574'),
('5f8f1952-b588-481a-b725-96708de3a473', 'Henrique'        , 'c59b7179-a8ff-477d-89ea-d81113be4de2', '5534987892397', 'M', '1958-06-29', '44877488607'),
('6008ba6a-32ff-4611-83ad-2732c7994660', 'Jenifer'         , 'fc1542bc-bf29-413e-aac2-4dfb9e8f3e2f', '5534988030491', 'F', '1977-11-25', '57042171836'),
('8a7bc97d-f9d5-4569-a626-2c9a53423448', 'Paulo'           , 'fd3ef61c-3a76-464c-8ca1-672ea388a05b', '5534988131491', 'M', '1992-02-26', '21149778031'),
('8eb083d8-74ed-4435-a3a8-b9d653a3363d', 'Pedro'           , 'a7c42d4c-eeec-45a2-a1e3-8bde4b77c9e2', '5534980872490', 'M', '1957-11-08', '79584563946'),
('975fa58a-9e38-4bce-80b9-bb865cb92511', 'Diego'           , 'f400938f-9295-4649-895b-487ca90f65ee', '5534986872496', 'M', '1959-02-16', '69753454256'),
('ab03a184-69ed-42fc-9629-14be6c7d9eec', 'Tulio'           , 'ddef9c60-e62a-43b7-858a-09fe4432e9c1', '5534988535491', 'M', '1985-08-11', '43165728589'),
('b88e57b6-0d37-4390-be28-e5030b206a2e', 'Diogo'           , 'fb23d2f4-7c52-43f7-850d-bd3183baf8e5', '5534985842495', 'M', '1960-04-26', '56138511867'),
('c06b9499-ceec-4a03-a183-fc3d600b89c2', 'Maju'            , '713847b2-a044-4512-a0c6-e8c3ed7d5116', '5534987872497', 'F', '2001-07-01', '89030755634'),
('cfd407a1-af6a-47a2-b6d1-74288d72217a', 'Marcos'          , '342e4102-315a-4160-aab3-c181cf120963', '5534988232491', 'M', '2002-05-08', '14061408749'),
('d01d8f9f-5c03-4b69-bef5-251510c305a8', 'Marrie'          , '2522de4f-ac45-41e3-b9f2-6627130c8837', '5534988872498', 'F', '1976-09-12', '51767172844'),
('e674a90d-ead6-4f67-98ff-340f422cdaca', 'Paola'           , '453ae962-74d6-4fa2-b4d8-2ab238d6bc09', '5534984872197', 'F', '1960-09-22', '74864256169'),
('f6d4d497-7d0d-45f0-90f8-47f21480e98f', 'Cricia'          , '464fb214-d493-44da-83cc-d5650bf5fa2c', '5534988838491', 'F', '1993-06-13', '47941177519'),
('f8530a9e-e00a-40be-bccf-0ebfbf4234c0', 'Marcos Vinicius' , '5d30dbd0-9708-44fe-bc9f-1a0e8330c49c', '5534984872494', 'M', '1997-02-09', '20409992310');

INSERT INTO movie values
('059cc180-d885-4bce-a73c-15062caf1b4a', 'Pato Pato Ganso'                           , 'movie description here'         , 'horror'),
('0c7ba077-47d7-44b5-a1c3-a76289b64906', 'Maria Madalena'                            , 'movie synopsis description here', 'action'),
('10a804cc-1ddc-466d-9b18-cae95e8d1616', 'Fahrenheit 451'                            , 'lorem ipsum lorem'              , 'action'),
('137d130c-d37d-413d-9d90-701a992f89a1', 'Siberia'                                   , 'lorem lorem lorem'              , 'action'),
('19064af3-4b4c-45a7-1dfp-25n3n8bcbfr1', 'ABC da Morte'                              , 'movie description here'         , 'drama'),
('231484f7-8155-4c25-8b49-85e86cae0480', 'Noite de Lobosr'                           , 'movie description here'         , 'horror'),
('24064af3-494c-43a7-adfe-857988bcbf52', 'Deadpool 2'                                , 'movie description here'         , 'drama'),
('26e01f09-d9c2-40bc-85fe-91c628d8dee8', '2036 Origem Desconhecida'                  , 'lorem ipsum lorem'              , 'comedy'),
('305b501e-d2f2-422f-ac20-55138020b6b2', '12 Heróis'                                 , 'lorem lorem lorem'              , 'horror'),
('36ad7dcf-4b53-4cd0-8fd2-99b4bb3dfd8c', 'Duda e os Gnomos'                          , 'movie description here'         , 'comedy'),
('3805e1e5-b895-4ba7-bfc8-3f92e7ab7498', 'Homem Formiga e a Vespa'                   , 'movie description here'         , 'action'),
('3b4211b1-e815-4752-9b01-04071202501b', 'Vingadores Guerra Infinita'                , 'movie description here'         , 'action'),
('4a070cc5-ae68-437a-a0f9-1c6b165216a1', 'Guerreiros do Futuro'                      , 'movie description here'         , 'horror'),
('5529f00b-b5fe-4318-a5c8-beb607463150', 'Um Lugar Silencioso'                       , 'movie description here'         , 'drama'),
('554972a8-da6e-4399-9080-5abecc65c540', 'O Culto'                                   , 'movie description here'         , 'drama'),
('56177682-919d-4040-927c-809a9618ddb2', 'Rampage Destruição Total'                  , 'lorem lorem lorem'              , 'action'),
('5ac70f0b-b617-4ee7-98d3-37389ba9aeed', 'A Livraria'                                , 'lorem ipsum lorem'              , 'horror'),
('638d3aaf-b3e2-45bb-974b-11939c9c0e28', 'O Carma de um Assassino'                   , 'lorem lorem lorem'              , 'action'),
('63ffaf2a-ff01-49c1-ad00-71eb40d40eca', 'Jurassic World: Reino Ameacado'            , 'movie description here'         , 'action'),
('6d07785c-1a8d-4053-ae73-a4a2261ec066', 'Deus Não Está Morto Uma Luz na Escuridão'  , 'movie description here'         , 'drama'),
('7e4fa65a-3f12-4017-9a86-308564bdb57b', 'Jumanji Bem-Vindo à Selva'                 , 'movie synopsis description here', 'drama'),
('7f7cd863-72ea-44ca-8cf3-270e4b90010d', 'Próxima Parada Apocalipse'                 , 'movie synopsis description here', 'horror'),
('858b505d-16e6-4365-ae10-009d6bb32506', 'Pesadelos Mortais'                         , 'lorem ipsum lorem'              , 'romanc'),
('8591e6c4-fa24-48f8-b6b1-a2dfdff1e859', 'Megatubarão'                               , 'movie synopsis description here', 'comedy'),
('88132e4e-95c5-48c1-979b-e7e2c997bdab', 'Batman vs Duas Caras'                      , 'movie description here'         , 'comedy'),
('8e22496c-7888-4198-83cb-999c508db58b', 'Os Incriveis 2'                            , 'lorem lorem lorem'              , 'comedy'),
('907e832e-2f9f-4633-8337-2f46a64c9289', 'Javali assassino'                          , 'movie description here'         , 'romanc'),
('931e2f58-06e4-46e0-b284-b5468fca9760', 'Todo Dia'                                  , 'lorem ipsum lorem'              , 'drama'),
('933fa0a6-5837-4a88-b720-e08c1fbc139f', 'Oito Mulheres e um Segredo'                , 'movie description here'         , 'comedy'),
('950e85e1-6ef9-4456-8766-c6e0464cf81d', 'Rampage: Destruição Total'                 , 'lorem ipsum lorem'              , 'romanc'),
('97054428-1d7d-4999-b5ff-29de7b78c774', 'Pedido de Amizade'                         , 'movie description here'         , 'comedy'),
('a3879da1-78e2-4214-92f3-9ee10b144c9a', 'Hereditário'                               , 'movie description here'         , 'drama'),
('c4da0a8b-eb64-40ad-babf-cf337b9a691b', 'Missão Impossível Efeito Fallout'          , 'movie synopsis description here', 'action'),
('c51db310-8806-451d-8f06-a8281459d6d6', 'Homem Formiga e a Vespa'                   , 'movie synopsis description here', 'romanc'),
('c535a69e-feb6-40f2-bb10-65876e19792a', 'Além da Vida'                              , 'lorem ipsum lorem'              , 'comedy'),
('cf37debc-d2ed-49a6-9c94-a5c10dca97b6', 'Rampage Destruição Total'                  , 'movie synopsis description here', 'action'),
('e2c85455-57b8-426a-8224-8ff272f7f747', 'Verdade ou Desafio'                        , 'movie synopsis description here', 'romanc'),
('ed1ee09e-aadc-4bce-acab-5224d255d181', 'Uma Questão de Fe'                         , 'lorem ipsum lorem'              , 'romanc'),
('eeb4826e-e419-4cc0-8861-9306a9746a11', 'Covil de Ladrões'                          , 'movie description here'         , 'comedy'),
('fb0dcde6-8349-4ec0-81c9-e0a8030f7677', 'Rota de Fuga 2'                            , 'lorem ipsum lorem'              , 'horror');

INSERT INTO rent values
('0beae3c6-a1ed-4c28-a748-572d4ee35298', '1dcdbd2f-c56c-4b32-abb5-ca8f82c4d34b', '137d130c-d37d-413d-9d90-701a992f89a1', '2018-02-08', '2019-02-09', 19.84),
('0d2121ce-c7e7-4c26-869a-9dba6ea99d37', '25e269e8-88b7-4e0e-9869-c65956e1ef4d', '8591e6c4-fa24-48f8-b6b1-a2dfdff1e859', '2018-11-04', '2018-11-07', 26.46),
('19db75b0-6943-446f-8d2f-cfb479c12afa', '38a72086-b3a1-49ed-9e2f-e34678157c6b', 'c535a69e-feb6-40f2-bb10-65876e19792a', '2014-12-24', '2014-12-29', 3.0  ),
('20cd5a2e-aa6d-46f5-b463-c03bbbd03005', '3ad4d2e0-7f01-4151-8c0b-91a25c0e68ea', 'e2c85455-57b8-426a-8224-8ff272f7f747', '2017-12-25', '2017-01-27', 10.62),
('2340535c-6440-48f8-8402-2b4970347b2a', '534a06bf-1828-4884-9380-3465f057f1e9', '059cc180-d885-4bce-a73c-15062caf1b4a', '2017-12-02', '2017-12-07', 12.03),
('2a4b84c9-537e-4b3b-bc0a-eec8cf95cf9c', '5969bb6b-02aa-4f5b-83b4-77593635dda6', '24064af3-494c-43a7-adfe-857988bcbf52', '2019-03-22', '2019-02-26', 1.14 ),
('2c7e70ea-4053-4143-8a17-a84134e0d917', '5b8eaeae-a7d9-479d-9cad-2f5d12e7dc43', 'ed1ee09e-aadc-4bce-acab-5224d255d181', '2018-12-05', '2019-12-01', 26.02),
('2cae0554-9db5-4e80-8465-bdbaee848257', '5f8f1952-b588-481a-b725-96708de3a473', 'e2c85455-57b8-426a-8224-8ff272f7f747', '2019-01-26', '2019-01-28', 24.7 ),
('30cd0ed3-c15a-44b4-bc7e-414246b2f338', '6008ba6a-32ff-4611-83ad-2732c7994660', '36ad7dcf-4b53-4cd0-8fd2-99b4bb3dfd8c', '2014-01-18', '2014-01-20', 15.58),
('38ffc3a2-6171-46c5-a2c0-ecfc07d5cfe9', '8a7bc97d-f9d5-4569-a626-2c9a53423448', '554972a8-da6e-4399-9080-5abecc65c540', '2014-03-15', '2014-03-17', 22.01),
('3ca663b4-4873-4c9b-b754-ffe75baf80de', '8eb083d8-74ed-4435-a3a8-b9d653a3363d', 'c535a69e-feb6-40f2-bb10-65876e19792a', '2015-04-25', '2016-04-30', 9.84 ),
('4460b753-d1e1-469c-9030-dfbcf8bc8e68', '975fa58a-9e38-4bce-80b9-bb865cb92511', '950e85e1-6ef9-4456-8766-c6e0464cf81d', '2014-08-14', '2014-08-18', 10.93),
('4b11e012-3e04-4101-bcb4-8744555456b3', 'ab03a184-69ed-42fc-9629-14be6c7d9eec', '8e22496c-7888-4198-83cb-999c508db58b', '2015-02-05', '2015-02-07', 6.61 ),
('568f9426-517c-4c7b-aa1d-e82af45db323', 'b88e57b6-0d37-4390-be28-e5030b206a2e', '10a804cc-1ddc-466d-9b18-cae95e8d1616', '2014-12-19', '2014-12-21', 16.51),
('5f575270-6ef2-4665-9941-7d0218e2eec4', 'c06b9499-ceec-4a03-a183-fc3d600b89c2', '26e01f09-d9c2-40bc-85fe-91c628d8dee8', '2019-02-17', '2019-02-20', 18.27),
('6045f98f-bdb8-4c5a-a22c-f2e4c0fe892a', 'cfd407a1-af6a-47a2-b6d1-74288d72217a', '5ac70f0b-b617-4ee7-98d3-37389ba9aeed', '2015-02-26', '2015-03-01', 29.6 ),
('6184255d-234d-402c-88ee-327c634cc03c', 'd01d8f9f-5c03-4b69-bef5-251510c305a8', '26e01f09-d9c2-40bc-85fe-91c628d8dee8', '2019-03-31', '2019-04-03', 2.44 ),
('64e73799-a4e3-4189-8088-c072aeaaa73a', 'e674a90d-ead6-4f67-98ff-340f422cdaca', '950e85e1-6ef9-4456-8766-c6e0464cf81d', '2018-09-16', '2018-09-18', 20.83),
('660ddc87-257b-4d06-8428-a197288e296f', 'f6d4d497-7d0d-45f0-90f8-47f21480e98f', '5529f00b-b5fe-4318-a5c8-beb607463150', '2019-10-07', '2019-10-11', 14.6 ),
('6d6161ff-0ec0-49b4-9ca9-4768b0db964b', '1dcdbd2f-c56c-4b32-abb5-ca8f82c4d34b', '933fa0a6-5837-4a88-b720-e08c1fbc139f', '2015-02-01', '2015-02-02', 20.12),
('7168f959-5c62-402c-b617-fc1fd2ce8192', '25e269e8-88b7-4e0e-9869-c65956e1ef4d', '3805e1e5-b895-4ba7-bfc8-3f92e7ab7498', '2018-10-11', '2018-10-11', 19.53),
('74da2243-cfc5-4665-85eb-20e96cf02575', '38a72086-b3a1-49ed-9e2f-e34678157c6b', '24064af3-494c-43a7-adfe-857988bcbf52', '2017-09-08', '2017-09-14', 5.11 ),
('757f0348-0eec-4c87-af9b-a0d48ae4822c', '3ad4d2e0-7f01-4151-8c0b-91a25c0e68ea', '88132e4e-95c5-48c1-979b-e7e2c997bdab', '2017-12-19', '2017-12-24', 13.93),
('768dd245-048e-43b6-8695-2a999c2bc179', '534a06bf-1828-4884-9380-3465f057f1e9', 'eeb4826e-e419-4cc0-8861-9306a9746a11', '2017-02-10', '2017-02-14', 17.28),
('7d3c2903-43da-4ba5-a072-b118a589c37b', '5969bb6b-02aa-4f5b-83b4-77593635dda6', '36ad7dcf-4b53-4cd0-8fd2-99b4bb3dfd8c', '2015-03-20', '2015-03-22', 25.18),
('7eca9820-51cb-435a-b41b-8958b52b4840', '5b8eaeae-a7d9-479d-9cad-2f5d12e7dc43', '231484f7-8155-4c25-8b49-85e86cae0480', '2018-08-10', '2018-08-16', 2.06 ),
('7f8e9c5e-9df3-4ec5-9f93-d57657d96472', '5f8f1952-b588-481a-b725-96708de3a473', '0c7ba077-47d7-44b5-a1c3-a76289b64906', '2018-05-14', '2018-09-17', 22.78),
('84e28ab8-e516-4d3e-a131-4d8c03aa05c4', '6008ba6a-32ff-4611-83ad-2732c7994660', 'eeb4826e-e419-4cc0-8861-9306a9746a11', '2019-05-09', '2019-05-10', 21.95),
('88ae3289-bf39-4ba6-9599-f68a8b7da1f7', '8a7bc97d-f9d5-4569-a626-2c9a53423448', '3b4211b1-e815-4752-9b01-04071202501b', '2014-10-29', '2014-11-04', 18.46),
('8c5b75d9-c849-4b23-9239-dc2681285c24', '8eb083d8-74ed-4435-a3a8-b9d653a3363d', 'c51db310-8806-451d-8f06-a8281459d6d6', '2014-08-02', '2014-08-01', 8.82 ),
('8daded1b-c4cc-429d-b224-6cec9b9f6937', '975fa58a-9e38-4bce-80b9-bb865cb92511', 'fb0dcde6-8349-4ec0-81c9-e0a8030f7677', '2017-09-21', '2017-09-24', 10.28),
('8dd49db5-be2e-47fe-b2fe-c8aa5e3bfe3f', 'ab03a184-69ed-42fc-9629-14be6c7d9eec', '63ffaf2a-ff01-49c1-ad00-71eb40d40eca', '2018-05-27', '2018-05-31', 20.68),
('9a02477c-ea40-4a58-a580-d3c491c2ad0e', 'b88e57b6-0d37-4390-be28-e5030b206a2e', '931e2f58-06e4-46e0-b284-b5468fca9760', '2018-01-09', '2018-01-13', 9.88 ),
('a2a0de97-5835-4142-8050-ebd045f7ab56', 'c06b9499-ceec-4a03-a183-fc3d600b89c2', '3805e1e5-b895-4ba7-bfc8-3f92e7ab7498', '2019-07-05', '2019-07-07', 12.85),
('a5738429-e422-4bfe-8024-8317dc774d96', 'cfd407a1-af6a-47a2-b6d1-74288d72217a', '19064af3-4b4c-45a7-1dfp-25n3n8bcbfr1', '2017-02-19', '2017-02-21', 5.59 ),
('a57a89cb-00c0-4a0a-aba7-2dfdf3926b15', 'd01d8f9f-5c03-4b69-bef5-251510c305a8', '5ac70f0b-b617-4ee7-98d3-37389ba9aeed', '2017-10-12', '2017-10-11', 8.49 ),
('a65d1bbc-1fb4-4b10-ad83-7b84808b5952', 'e674a90d-ead6-4f67-98ff-340f422cdaca', '554972a8-da6e-4399-9080-5abecc65c540', '2018-04-21', '2019-03-26', 3.59 ),
('aa78cf6a-4661-4969-a309-9d82f6aa2dc3', 'f6d4d497-7d0d-45f0-90f8-47f21480e98f', 'c4da0a8b-eb64-40ad-babf-cf337b9a691b', '2016-03-09', '2016-09-12', 5.5  ),
('b8c1971b-047c-4712-989e-b38496217ac1', 'f8530a9e-e00a-40be-bccf-0ebfbf4234c0', 'eeb4826e-e419-4cc0-8861-9306a9746a11', '2018-12-31', '2019-01-03', 3.29 ),
('b90b8a11-19e8-4f6e-8b4d-738b1bda7c65', '1dcdbd2f-c56c-4b32-abb5-ca8f82c4d34b', '5529f00b-b5fe-4318-a5c8-beb607463150', '2019-06-25', '2019-09-01', 15.2 ),
('b923faa5-ef18-45f4-b0ae-caf635e85d1a', '25e269e8-88b7-4e0e-9869-c65956e1ef4d', 'a3879da1-78e2-4214-92f3-9ee10b144c9a', '2019-05-02', '2019-06-05', 11.5 ),
('bac70ab7-1e4c-4ff4-9625-899cd8379296', '38a72086-b3a1-49ed-9e2f-e34678157c6b', 'cf37debc-d2ed-49a6-9c94-a5c10dca97b6', '2017-09-01', '2017-09-02', 14.83),
('bbe1d960-db56-4fc5-8dc2-9ebd229d45f3', '3ad4d2e0-7f01-4151-8c0b-91a25c0e68ea', '3b4211b1-e815-4752-9b01-04071202501b', '2020-04-30', '2020-05-02', 3.77 ),
('bd216d3a-6ec8-4198-9081-f91c6311a5b0', '534a06bf-1828-4884-9380-3465f057f1e9', '059cc180-d885-4bce-a73c-15062caf1b4a', '2018-11-02', '2018-11-07', 24.92),
('befe3113-befa-463f-acca-c0319f90ed3e', '5969bb6b-02aa-4f5b-83b4-77593635dda6', 'fb0dcde6-8349-4ec0-81c9-e0a8030f7677', '2015-07-13', '2015-07-16', 25.64),
('c18150aa-9bc2-4e89-96d8-26ca297041dd', '5b8eaeae-a7d9-479d-9cad-2f5d12e7dc43', 'ed1ee09e-aadc-4bce-acab-5224d255d181', '2014-02-10', '2014-09-11', 8.95 ),
('c191174f-67fc-41c4-9171-ee5fbb06f44f', '5f8f1952-b588-481a-b725-96708de3a473', '4a070cc5-ae68-437a-a0f9-1c6b165216a1', '2015-06-06', '2015-06-09', 26.18),
('c3535012-7ca7-4c13-ac0c-201f65c2f94e', '6008ba6a-32ff-4611-83ad-2732c7994660', '907e832e-2f9f-4633-8337-2f46a64c9289', '2015-05-25', '2015-05-30', 25.82),
('c4001526-cb76-4a02-ac7f-2d6b1c6ac085', '8a7bc97d-f9d5-4569-a626-2c9a53423448', '7f7cd863-72ea-44ca-8cf3-270e4b90010d', '2019-05-24', '2019-05-28', 5.94 ),
('c5d0b88f-9a5c-4d2d-9cea-5f2e59db6cad', '8eb083d8-74ed-4435-a3a8-b9d653a3363d', 'eeb4826e-e419-4cc0-8861-9306a9746a11', '2019-03-19', '2019-03-20', 6.45 ),
('c747e3d6-12ec-4c1c-b6eb-ff76ea64b3fa', '1dcdbd2f-c56c-4b32-abb5-ca8f82c4d34b', '5ac70f0b-b617-4ee7-98d3-37389ba9aeed', '2016-03-25', '2016-02-21', 16.78),
('cba282f4-8c1e-4741-b77d-946b47937d5b', '25e269e8-88b7-4e0e-9869-c65956e1ef4d', '858b505d-16e6-4365-ae10-009d6bb32506', '2016-02-15', '2016-02-18', 5.0  ),
('d2e72c96-0d75-408a-8fb0-55b180ea74e5', '38a72086-b3a1-49ed-9e2f-e34678157c6b', '858b505d-16e6-4365-ae10-009d6bb32506', '2018-02-04', '2018-02-07', 27.17),
('d77e8bf1-0ecb-47ea-824f-ddc4b7aee74a', '3ad4d2e0-7f01-4151-8c0b-91a25c0e68ea', '8e22496c-7888-4198-83cb-999c508db58b', '2016-07-26', '2017-07-27', 26.34),
('daecfb46-9f96-484c-9875-77b3b3d7a32a', '534a06bf-1828-4884-9380-3465f057f1e9', 'c535a69e-feb6-40f2-bb10-65876e19792a', '2017-08-18', '2017-08-14', 27.08),
('dc124ac5-dabb-4cd2-a7b4-a0f63316286b', '5969bb6b-02aa-4f5b-83b4-77593635dda6', '97054428-1d7d-4999-b5ff-29de7b78c774', '2015-07-28', '2015-09-30', 1.2  ),
('df579886-017b-4af6-b58a-ec6754a4ae68', '5b8eaeae-a7d9-479d-9cad-2f5d12e7dc43', '638d3aaf-b3e2-45bb-974b-11939c9c0e28', '2015-07-21', '2015-07-26', 20.06),
('e284f9b7-61e2-417e-9de0-76441b01cab8', '5f8f1952-b588-481a-b725-96708de3a473', '305b501e-d2f2-422f-ac20-55138020b6b2', '2014-01-01', '2014-01-07', 19.67),
('e37be785-34ab-4852-88aa-8410f24debd5', '6008ba6a-32ff-4611-83ad-2732c7994660', '63ffaf2a-ff01-49c1-ad00-71eb40d40eca', '2019-01-23', '2020-01-24', 10.56),
('e5ad5707-4d24-4f1f-8975-0edf6d17124e', '8a7bc97d-f9d5-4569-a626-2c9a53423448', '6d07785c-1a8d-4053-ae73-a4a2261ec066', '2019-03-18', '2019-03-20', 26.32),
('e667e692-ce34-46bc-8b54-78b8fee11598', '8eb083d8-74ed-4435-a3a8-b9d653a3363d', '6d07785c-1a8d-4053-ae73-a4a2261ec066', '2018-01-01', '2018-01-03', 29.69),
('e68a6de7-06bb-4785-a410-b9ce19424fa5', '975fa58a-9e38-4bce-80b9-bb865cb92511', '858b505d-16e6-4365-ae10-009d6bb32506', '2014-08-13', '2014-08-14', 27.09),
('e768c928-e406-49b7-bcab-c3b442ada21a', 'ab03a184-69ed-42fc-9629-14be6c7d9eec', '931e2f58-06e4-46e0-b284-b5468fca9760', '2016-03-18', '2016-03-21', 8.2  ),
('e7a038fe-8383-4dbe-849d-d498d648b76b', 'b88e57b6-0d37-4390-be28-e5030b206a2e', '933fa0a6-5837-4a88-b720-e08c1fbc139f', '2016-12-05', '2016-12-09', 8.84 ),
('e862077b-443e-47e9-a4d7-289ed8f3f248', 'c06b9499-ceec-4a03-a183-fc3d600b89c2', '950e85e1-6ef9-4456-8766-c6e0464cf81d', '2015-09-06', '2015-09-09', 19.18),
('eaf625d1-c8e9-4ea8-b934-b60a191c7ee1', 'cfd407a1-af6a-47a2-b6d1-74288d72217a', '56177682-919d-4040-927c-809a9618ddb2', '2015-09-01', '2015-09-05', 23.85),
('ef7c6a05-0f17-4db4-ad62-aaba8a28db06', 'd01d8f9f-5c03-4b69-bef5-251510c305a8', '554972a8-da6e-4399-9080-5abecc65c540', '2018-06-08', '2018-06-14', 22.14),
('f1fb1f0b-77f7-4ca5-91fe-1a16fa14f929', 'e674a90d-ead6-4f67-98ff-340f422cdaca', 'e2c85455-57b8-426a-8224-8ff272f7f747', '2017-08-19', '2017-08-24', 2.63 ),
('f582bdb0-57c8-4eb1-83c1-920bb257e38c', 'f6d4d497-7d0d-45f0-90f8-47f21480e98f', 'a3879da1-78e2-4214-92f3-9ee10b144c9a', '2019-09-15', '2019-09-17', 24.29),
('f86463bd-bb4b-4605-b289-81340a864ef4', 'f8530a9e-e00a-40be-bccf-0ebfbf4234c0', '7e4fa65a-3f12-4017-9a86-308564bdb57b', '2014-12-28', '2014-12-30', 11.65);
