INSERT INTO address values
('08950af2-d541-46f2-bce8-b1aaf3844193', 'Avenida tel tal tal' , '374721-878', 'Uberlândia', 'bla bla ', 'Minas Gerais'),
('2522de4f-ac45-41e3-b9f2-6627130c8837', 'Rua tal tal tal'     , '384821-988', 'Uberlândia', 'pi po pu', 'Minas Gerais'),
('342e4102-315a-4160-aab3-c181cf120963', 'Rua tal tal tal'     , '334321-438', 'Uberlândia', 'xpto'    , 'Minas Gerais'),
('42fc6d7a-ab25-4041-8daa-e7d4dddc47f0', 'Rua tal tal tal'     , '314121-218', 'Uberlândia', 'bla bla ', 'Minas Gerais'),
('453ae962-74d6-4fa2-b4d8-2ab238d6bc09', 'Rua vraw braw waw'   , '374721-878', 'Uberlândia', 'pi po pu', 'Minas Gerais'),
('464fb214-d493-44da-83cc-d5650bf5fa2c', 'Praça pi po po'      , '384821-988', 'Uberlândia', 'bla bla ', 'Minas Gerais'),
('56c95c26-e951-41e5-ba11-13cdf8591df5', 'Rua po po po'        , '334321-438', 'Uberlândia', 'bla bla ', 'Minas Gerais'),
('5d30dbd0-9708-44fe-bc9f-1a0e8330c49c', 'Rua po pi po'        , '344421-548', 'Uberlândia', 'pi po pu', 'Minas Gerais'),
('6dca68e1-fa06-4342-a859-3966b3b0bbc1', 'Rua tal tal tel'     , '354521-658', 'Uberlândia', 'xpto'    , 'Minas Gerais'),
('713847b2-a044-4512-a0c6-e8c3ed7d5116', 'Rua tal tal tal'     , '374721-878', 'Uberlândia', 'pi po pu', 'Minas Gerais'),
('a15ee84c-d464-427a-89e2-1cf8d318bda8', 'Rua po po po'        , '324221-328', 'Uberlândia', 'bla bla ', 'Minas Gerais'),
('a1f351c8-5fd4-46bb-8b5d-1056f8bc7d7c', 'Rua tal tal tel'     , '344421-548', 'Uberlândia', 'xpto'    , 'Minas Gerais'),
('a7c42d4c-eeec-45a2-a1e3-8bde4b77c9e2', 'Rua tal tal tal'     , '304021-108', 'Uberlândia', 'bla bla ', 'Minas Gerais'),
('c59b7179-a8ff-477d-89ea-d81113be4de2', 'Avenida xeu zeu peu' , '364621-768', 'Uberlândia', 'pi po pu', 'Minas Gerais'),
('ddef9c60-e62a-43b7-858a-09fe4432e9c1', 'Avenida tel tal tal' , '364621-768', 'Uberlândia', 'xpto'    , 'Minas Gerais'),
('f400938f-9295-4649-895b-487ca90f65ee', 'Rua po po po'        , '364621-768', 'Uberlândia', 'pi po pu', 'Minas Gerais'),
('f67ddb02-538a-496a-b3cf-fb839efab35b', 'Avenida tel tal tal' , '304021-108', 'Uberlândia', 'xpto'    , 'Minas Gerais'),
('fb23d2f4-7c52-43f7-850d-bd3183baf8e5', 'Rua po pi po'        , '354521-658', 'Uberlândia', 'pi po pu', 'Minas Gerais'),
('fc1542bc-bf29-413e-aac2-4dfb9e8f3e2f', 'Rua tal tal tal'     , '314121-218', 'Uberlândia', 'xpto'    , 'Minas Gerais'),
('fd3ef61c-3a76-464c-8ca1-672ea388a05b', 'Rua po po po'        , '324221-328', 'Uberlândia', 'xpto'    , 'Minas Gerais');

INSERT INTO customer values
('65923488953', 'Viviane'         , '08950af2-d541-46f2-bce8-b1aaf3844193', '5534988737491', 'F', '1987-11-09'),
('64526937733', 'Gustavo'         , 'a15ee84c-d464-427a-89e2-1cf8d318bda8', '5534982862492', 'M', '1977-09-03'),
('82281148075', 'Matheus'         , '42fc6d7a-ab25-4041-8daa-e7d4dddc47f0', '5534981872491', 'M', '1952-12-02'),
('77119852836', 'Paula'           , '6dca68e1-fa06-4342-a859-3966b3b0bbc1', '5534988434491', 'F', '1986-05-24'),
('97438685646', 'Sirlene'         , '56c95c26-e951-41e5-ba11-13cdf8591df5', '5534983872493', 'F', '2001-03-07'),
('25309614386', 'Andressa'        , 'f67ddb02-538a-496a-b3cf-fb839efab35b', '5534988616491', 'F', '1966-11-12'),
('17308673574', 'Talita'          , 'a1f351c8-5fd4-46bb-8b5d-1056f8bc7d7c', '5534988333491', 'F', '2001-06-08'),
('44877488607', 'Henrique'        , 'c59b7179-a8ff-477d-89ea-d81113be4de2', '5534987892397', 'M', '1958-06-29'),
('57042171836', 'Jenifer'         , 'fc1542bc-bf29-413e-aac2-4dfb9e8f3e2f', '5534988030491', 'F', '1977-11-25'),
('21149778031', 'Paulo'           , 'fd3ef61c-3a76-464c-8ca1-672ea388a05b', '5534988131491', 'M', '1992-02-26'),
('79584563946', 'Pedro'           , 'a7c42d4c-eeec-45a2-a1e3-8bde4b77c9e2', '5534980872490', 'M', '1957-11-08'),
('69753454256', 'Diego'           , 'f400938f-9295-4649-895b-487ca90f65ee', '5534986872496', 'M', '1959-02-16'),
('43165728589', 'Tulio'           , 'ddef9c60-e62a-43b7-858a-09fe4432e9c1', '5534988535491', 'M', '1985-08-11'),
('56138511867', 'Diogo'           , 'fb23d2f4-7c52-43f7-850d-bd3183baf8e5', '5534985842495', 'M', '1960-04-26'),
('89030755634', 'Maju'            , '713847b2-a044-4512-a0c6-e8c3ed7d5116', '5534987872497', 'F', '2001-07-01'),
('14061408749', 'Marcos'          , '342e4102-315a-4160-aab3-c181cf120963', '5534988232491', 'M', '2002-05-08'),
('51767172844', 'Marrie'          , '2522de4f-ac45-41e3-b9f2-6627130c8837', '5534988872498', 'F', '1976-09-12'),
('74864256169', 'Paola'           , '453ae962-74d6-4fa2-b4d8-2ab238d6bc09', '5534984872197', 'F', '1960-09-22'),
('47941177519', 'Cricia'          , '464fb214-d493-44da-83cc-d5650bf5fa2c', '5534988838491', 'F', '1993-06-13'),
('20409992310', 'Marcos Vinicius' , '5d30dbd0-9708-44fe-bc9f-1a0e8330c49c', '5534984872494', 'M', '1997-02-09');

INSERT INTO movie values
('059cc180-d885-4bce-a73c-15062caf1b4a', 'Pato Pato Ganso'                           , 'movie description here'         , 9.84, 'horror'),
('0c7ba077-47d7-44b5-a1c3-a76289b64906', 'Maria Madalena'                            , 'movie synopsis description here', 6.46, 'action'),
('10a804cc-1ddc-466d-9b18-cae95e8d1616', 'Fahrenheit 451'                            , 'lorem ipsum lorem'              , 3.0,  'action'),
('137d130c-d37d-413d-9d90-701a992f89a1', 'Siberia'                                   , 'lorem lorem lorem'              , 4.62, 'action'),
('19064af3-4b4c-45a7-1dfp-25n3n8bcbfr1', 'ABC da Morte'                              , 'movie description here'         , 2.03, 'drama'),
('231484f7-8155-4c25-8b49-85e86cae0480', 'Noite de Lobosr'                           , 'movie description here'         , 1.14, 'horror'),
('24064af3-494c-43a7-adfe-857988bcbf52', 'Deadpool 2'                                , 'movie description here'         , 6.02, 'drama'),
('27e01f09-d9c2-40bc-85fe-91c628d8dee8', '2036 Origem Desconhecida'                  , 'lorem ipsum lorem'              , 4.7,  'comedy'),
('305b501e-d2f2-422f-ac20-55138020b6b2', '12 Heróis'                                 , 'lorem lorem lorem'              , 5.58, 'horror'),
('36ad7dcf-4b53-4cd0-8fd2-99b4bb3dfd8c', 'Duda e os Gnomos'                          , 'movie description here'         , 2.01, 'comedy'),
('3805e1e5-b895-4ba7-bfc8-3f92e7ab7498', 'Homem Formiga e a Vespa'                   , 'movie description here'         , 9.84, 'action'),
('3b4211b1-e815-4752-9b01-04071202501b', 'Vingadores Guerra Infinita'                , 'movie description here'         , 2.93, 'action'),
('4a070cc5-ae68-437a-a0f9-1c6b165216a1', 'Guerreiros do Futuro'                      , 'movie description here'         , 6.61, 'horror'),
('5529f00b-b5fe-4318-a5c8-beb607463150', 'Um Lugar Silencioso'                       , 'movie description here'         , 6.51, 'drama'),
('554972a8-da6e-4399-9080-5abecc65c540', 'O Culto'                                   , 'movie description here'         , 8.27, 'drama'),
('56177682-919d-4040-927c-809a9618ddb2', 'Rampage Destruição Total'                  , 'lorem lorem lorem'              , 9.6,  'action'),
('5ac70f0b-b617-4ee7-98d3-37389ba9aeed', 'A Livraria'                                , 'lorem ipsum lorem'              , 2.44, 'horror'),
('638d3aaf-b3e2-45bb-974b-11939c9c0e28', 'O Carma de um Assassino'                   , 'lorem lorem lorem'              , 3.83, 'action'),
('63ffaf2a-ff01-49c1-ad00-71eb40d40eca', 'Jurassic World: Reino Ameacado'            , 'movie description here'         , 4.6,  'action'),
('6d07785c-1a8d-4053-ae73-a4a2261ec066', 'Deus Não Está Morto Uma Luz na Escuridão'  , 'movie description here'         , 7.12, 'drama'),
('7e4fa65a-3f12-4017-9a86-308564bdb57b', 'Jumanji Bem-Vindo à Selva'                 , 'movie synopsis description here', 9.53, 'drama'),
('7f7cd863-72ea-44ca-8cf3-270e4b90010d', 'Próxima Parada Apocalipse'                 , 'movie synopsis description here', 5.11, 'horror'),
('858b505d-16e6-4365-ae10-009d6bb32506', 'Pesadelos Mortais'                         , 'lorem ipsum lorem'              , 3.93, 'romanc'),
('8591e6c4-fa24-48f8-b6b1-a2dfdff1e859', 'Megatubarão'                               , 'movie synopsis description here', 7.28, 'comedy'),
('88132e4e-95c5-48c1-979b-e7e2c997bdab', 'Batman vs Duas Caras'                      , 'movie description here'         , 5.18, 'comedy'),
('8e22496c-7888-4198-83cb-999c508db58b', 'Os Incriveis 2'                            , 'lorem lorem lorem'              , 2.06, 'comedy'),
('907e832e-2f9f-4633-8337-2f46a64c9289', 'Javali assassino'                          , 'movie description here'         , 2.78, 'romanc'),
('931e2f58-06e4-46e0-b284-b5468fca9760', 'Todo Dia'                                  , 'lorem ipsum lorem'              , 1.95, 'drama'),
('933fa0a6-5837-4a88-b720-e08c1fbc139f', 'Oito Mulheres e um Segredo'                , 'movie description here'         , 8.46, 'comedy'),
('950e85e1-6ef9-4456-8766-c6e0464cf81d', 'Rampage: Destruição Total'                 , 'lorem ipsum lorem'              , 8.82, 'romanc'),
('97054428-1d7d-4999-b5ff-29de7b78c774', 'Pedido de Amizade'                         , 'movie description here'         , 8.28, 'comedy'),
('a3879da1-78e2-4214-92f3-9ee10b144c9a', 'Hereditário'                               , 'movie description here'         , 4.68, 'drama'),
('c4da0a8b-eb64-40ad-babf-cf337b9a691b', 'Missão Impossível Efeito Fallout'          , 'movie synopsis description here', 9.88, 'action'),
('c51db310-8806-451d-8f06-a8281459d6d6', 'Homem Formiga e a Vespa'                   , 'movie synopsis description here', 2.85, 'romanc'),
('c535a69e-feb6-40f2-bb10-65876e19792a', 'Além da Vida'                              , 'lorem ipsum lorem'              , 5.59, 'comedy'),
('cf37debc-d2ed-49a6-9c94-a5c10dca97b6', 'Rampage Destruição Total'                  , 'movie synopsis description here', 8.49, 'action'),
('e2c85455-57b8-426a-8224-8ff272f7f747', 'Verdade ou Desafio'                        , 'movie synopsis description here', 3.59, 'romanc'),
('ed1ee09e-aadc-4bce-acab-5224d255d181', 'Uma Questão de Fe'                         , 'lorem ipsum lorem'              , 5.5,  'romanc'),
('eeb4826e-e419-4cc0-8861-9306a9746a11', 'Covil de Ladrões'                          , 'movie description here'         , 3.29, 'comedy'),
('fb0dcde6-8349-4ec0-81c9-e0a8030f7677', 'Rota de Fuga 2'                            , 'lorem ipsum lorem'              , 7.42, 'horror');

INSERT INTO rent (customer_id, movie_id, rented, returned, value) values
('65923488953', '059cc180-d885-4bce-a73c-15062caf1b4a', '2018-02-08', '2019-02-09', 19.84),
('64526937733', '0c7ba077-47d7-44b5-a1c3-a76289b64906', '2018-11-04', '2018-11-07', 26.46),
('82281148075', '10a804cc-1ddc-466d-9b18-cae95e8d1616', '2014-12-24', '2014-12-29', 3.0  ),
('77119852836', '137d130c-d37d-413d-9d90-701a992f89a1', '2017-12-25', '2017-01-27', 10.62),
('97438685646', '19064af3-4b4c-45a7-1dfp-25n3n8bcbfr1', '2017-12-02', '2017-12-07', 12.03),
('25309614386', '231484f7-8155-4c25-8b49-85e86cae0480', '2019-03-22', '2019-02-26', 1.14 ),
('17308673574', '24064af3-494c-43a7-adfe-857988bcbf52', '2018-12-05', '2019-12-01', 26.02),
('44877488607', '27e01f09-d9c2-40bc-85fe-91c628d8dee8', '2019-01-26', '2019-01-28', 24.7 ),
('57042171836', '305b501e-d2f2-422f-ac20-55138020b6b2', '2014-01-18', '2014-01-20', 15.58),
('21149778031', '36ad7dcf-4b53-4cd0-8fd2-99b4bb3dfd8c', '2014-03-15', '2014-03-17', 22.01),
('79584563946', '3805e1e5-b895-4ba7-bfc8-3f92e7ab7498', '2015-04-25', '2016-04-30', 9.84 ),
('69753454256', '3b4211b1-e815-4752-9b01-04071202501b', '2014-08-14', '2014-08-18', 10.93),
('43165728589', '4a070cc5-ae68-437a-a0f9-1c6b165216a1', '2015-02-05', '2015-02-07', 6.61 ),
('56138511867', '5529f00b-b5fe-4318-a5c8-beb607463150', '2014-12-19', '2014-12-21', 16.51),
('89030755634', '554972a8-da6e-4399-9080-5abecc65c540', '2019-02-17', '2019-02-20', 18.27),
('14061408749', '56177682-919d-4040-927c-809a9618ddb2', '2015-02-26', '2015-03-01', 29.6 ),
('51767172844', '5ac70f0b-b617-4ee7-98d3-37389ba9aeed', '2019-03-31', '2019-04-03', 2.44 ),
('74864256169', '638d3aaf-b3e2-45bb-974b-11939c9c0e28', '2018-09-16', '2018-09-18', 20.83),
('47941177519', '63ffaf2a-ff01-49c1-ad00-71eb40d40eca', '2019-10-07', '2019-10-11', 14.6 ),
('20409992310', '6d07785c-1a8d-4053-ae73-a4a2261ec066', '2015-02-01', '2015-02-02', 20.12),
('65923488953', '7e4fa65a-3f12-4017-9a86-308564bdb57b', '2018-10-11', '2018-10-11', 19.53),
('64526937733', '7f7cd863-72ea-44ca-8cf3-270e4b90010d', '2017-09-08', '2017-09-14', 5.11 ),
('82281148075', '858b505d-16e6-4365-ae10-009d6bb32506', '2017-12-19', '2017-12-24', 13.93),
('77119852836', '8591e6c4-fa24-48f8-b6b1-a2dfdff1e859', '2017-02-10', '2017-02-14', 17.28),
('97438685646', '88132e4e-95c5-48c1-979b-e7e2c997bdab', '2015-03-20', '2015-03-22', 25.18),
('25309614386', '8e22496c-7888-4198-83cb-999c508db58b', '2018-08-10', '2018-08-16', 2.06 ),
('17308673574', '907e832e-2f9f-4633-8337-2f46a64c9289', '2018-05-14', '2018-09-17', 22.78),
('44877488607', '931e2f58-06e4-46e0-b284-b5468fca9760', '2019-05-09', '2019-05-10', 21.95),
('57042171836', '933fa0a6-5837-4a88-b720-e08c1fbc139f', '2014-10-29', '2014-11-04', 18.46),
('21149778031', '950e85e1-6ef9-4456-8766-c6e0464cf81d', '2014-08-02', '2014-08-01', 8.82 ),
('79584563946', '97054428-1d7d-4999-b5ff-29de7b78c774', '2017-09-21', '2017-09-24', 10.28),
('69753454256', 'a3879da1-78e2-4214-92f3-9ee10b144c9a', '2018-05-27', '2018-05-31', 20.68),
('43165728589', 'c4da0a8b-eb64-40ad-babf-cf337b9a691b', '2018-01-09', '2018-01-13', 9.88 ),
('56138511867', 'c51db310-8806-451d-8f06-a8281459d6d6', '2019-07-05', '2019-07-07', 12.85),
('89030755634', 'c535a69e-feb6-40f2-bb10-65876e19792a', '2017-02-19', '2017-02-21', 5.59 ),
('14061408749', 'cf37debc-d2ed-49a6-9c94-a5c10dca97b6', '2017-10-12', '2017-10-11', 8.49 ),
('51767172844', 'e2c85455-57b8-426a-8224-8ff272f7f747', '2018-04-21', '2019-03-26', 3.59 ),
('74864256169', 'ed1ee09e-aadc-4bce-acab-5224d255d181', '2016-03-09', '2016-09-12', 5.5  ),
('47941177519', 'eeb4826e-e419-4cc0-8861-9306a9746a11', '2018-12-31', '2019-01-03', 3.29 ),
('20409992310', 'fb0dcde6-8349-4ec0-81c9-e0a8030f7677', '2019-06-25', '2019-09-01', 15.2 ),
('65923488953', '059cc180-d885-4bce-a73c-15062caf1b4a', '2019-05-02', '2019-06-05', 11.5 ),
('64526937733', '0c7ba077-47d7-44b5-a1c3-a76289b64906', '2017-09-01', '2017-09-02', 14.83),
('82281148075', '10a804cc-1ddc-466d-9b18-cae95e8d1616', '2020-04-30', '2020-05-02', 3.77 ),
('77119852836', '137d130c-d37d-413d-9d90-701a992f89a1', '2018-11-02', '2018-11-07', 24.92),
('97438685646', '19064af3-4b4c-45a7-1dfp-25n3n8bcbfr1', '2015-07-13', '2015-07-16', 25.64),
('25309614386', '231484f7-8155-4c25-8b49-85e86cae0480', '2014-02-10', '2014-09-11', 8.95 ),
('17308673574', '97054428-1d7d-4999-b5ff-29de7b78c774', '2015-06-06', '2015-06-09', 26.18),
('44877488607', 'a3879da1-78e2-4214-92f3-9ee10b144c9a', '2015-05-25', '2015-05-30', 25.82),
('57042171836', 'c4da0a8b-eb64-40ad-babf-cf337b9a691b', '2019-05-24', '2019-05-28', 5.94 ),
('21149778031', 'c51db310-8806-451d-8f06-a8281459d6d6', '2019-03-19', '2019-03-20', 6.45 ),
('79584563946', 'c535a69e-feb6-40f2-bb10-65876e19792a', '2016-03-25', '2016-02-21', 16.78),
('69753454256', 'cf37debc-d2ed-49a6-9c94-a5c10dca97b6', '2016-02-15', '2016-02-18', 5.0  ),
('43165728589', 'e2c85455-57b8-426a-8224-8ff272f7f747', '2018-02-04', '2018-02-07', 27.17),
('56138511867', 'ed1ee09e-aadc-4bce-acab-5224d255d181', '2016-07-26', '2017-07-27', 26.34),
('89030755634', 'eeb4826e-e419-4cc0-8861-9306a9746a11', '2017-08-18', '2017-08-14', 27.08),
('14061408749', 'fb0dcde6-8349-4ec0-81c9-e0a8030f7677', '2015-07-28', '2015-09-30', 1.2  ),
('51767172844', '5ac70f0b-b617-4ee7-98d3-37389ba9aeed', '2015-07-21', '2015-07-26', 20.06),
('74864256169', '638d3aaf-b3e2-45bb-974b-11939c9c0e28', '2014-01-01', '2014-01-07', 19.67),
('47941177519', '63ffaf2a-ff01-49c1-ad00-71eb40d40eca', '2019-01-23', '2020-01-24', 10.56),
('20409992310', '6d07785c-1a8d-4053-ae73-a4a2261ec066', '2019-03-18', '2019-03-20', 26.32),
('69753454256', '7e4fa65a-3f12-4017-9a86-308564bdb57b', '2018-01-01', '2018-01-03', 29.69),
('43165728589', '7f7cd863-72ea-44ca-8cf3-270e4b90010d', '2014-08-13', '2014-08-14', 27.09),
('56138511867', '858b505d-16e6-4365-ae10-009d6bb32506', '2016-03-18', '2016-03-21', 8.2  ),
('89030755634', '8591e6c4-fa24-48f8-b6b1-a2dfdff1e859', '2016-12-05', '2016-12-09', 8.84 ),
('14061408749', '88132e4e-95c5-48c1-979b-e7e2c997bdab', '2015-09-06', '2015-09-09', 19.18),
('51767172844', '8e22496c-7888-4198-83cb-999c508db58b', '2015-09-01', '2015-09-05', 23.85),
('74864256169', '907e832e-2f9f-4633-8337-2f46a64c9289', '2018-06-08', '2018-06-14', 22.14),
('47941177519', '931e2f58-06e4-46e0-b284-b5468fca9760', '2017-08-19', '2017-08-24', 2.63 ),
('20409992310', '933fa0a6-5837-4a88-b720-e08c1fbc139f', '2019-09-15', '2019-09-17', 24.29),
('51767172844', '950e85e1-6ef9-4456-8766-c6e0464cf81d', '2014-12-28', '2014-12-30', 11.65);










